<?xml version='1.0' encoding='utf-8' standalone='yes' ?>
<map>
    <int name="AF_CACHE_VERSION" value="1" />
    <string name="prev_event_name">HOME</string>
    <boolean name="didSendRevenueTriggerOnLastBackground" value="true" />
    <long name="prev_event_timestamp" value="1755018454191" />
    <int name="appsFlyerInAppEventCount" value="9" />
    <long name="prev_session_dur" value="17" />
    <boolean name="ddl_sent" value="true" />
    <long name="af_rc_max_age" value="86400" />
    <string name="sentSuccessfully">true</string>
    <int name="versionCode" value="153" />
    <string name="af_remote_config">eyJmZWF0dXJlcyI6e30sInZlciI6ImRlZmF1bHQudjEuMTYzNzE0OTUyOSJ9</string>
    <string name="savedProperties">{&quot;waitForCustomerId&quot;:&quot;false&quot;,&quot;AppUserId&quot;:&quot;BINGE-3293430d33274361b1eb4df48a1099b3&quot;}</string>
    <string name="AF_INSTALLATION">1755018382592-2257590997491010262</string>
    <boolean name="afUninstallToken_queued" value="false" />
    <int name="appsFlyerCount" value="5" />
    <long name="AppsFlyerTimePassedSincePrevLaunch" value="1755018438222" />
    <boolean name="newGPReferrerSent" value="true" />
    <long name="af_rc_timestamp" value="1755018418296" />
    <string name="first_launch">{&quot;net&quot;:1241,&quot;from_fg&quot;:12725,&quot;start_with&quot;:&quot;application&quot;,&quot;init_to_fg&quot;:562}</string>
    <string name="appsFlyerFirstInstall"></string>
    <string name="attributionId">{&quot;install_time&quot;:&quot;2025-08-12 17:06:55.317&quot;,&quot;af_message&quot;:&quot;organic install&quot;,&quot;af_status&quot;:&quot;Organic&quot;,&quot;is_first_launch&quot;:false}</string>
</map>
