<?xml version='1.0' encoding='utf-8' standalone='yes' ?>
<map>
    <string name="afUninstallToken">c6bI8cmYQY-BkY8BroyiPe:APA91bF2au_z43HZwDiB4Ffl9IpX1h-cPCe2wzNom5_yUxVMEtUVne4g59q040rf4ggdlfmD4lHuf68dDCKbzbr0eW_uFznlNTNO47WNpEJC80zFQEU51Hw</string>
    <long name="prev_session_dur" value="5" />
    <long name="af_rc_max_age" value="86400" />
    <boolean name="ddl_sent" value="true" />
    <string name="sentSuccessfully">true</string>
    <string name="af_remote_config">eyJmZWF0dXJlcyI6eyJleGNfbW5nciI6W3siZGF0YSI6eyJ2MSI6eyJzZGtfdmVyIjoiMS45LjkiLCJtaW4iOjEsImV4cGlyZSI6MTB9fX1dfSwidmVyIjoiNDI5NzI5ZmIudjEuMTY4NjI0NzQ4NTAwMCJ9</string>
    <int name="versionCode" value="11328" />
    <boolean name="sentRegisterRequestToAF" value="true" />
    <string name="savedProperties">{&quot;uid&quot;:&quot;1755095239488-10844043386832468&quot;,&quot;advertiserId&quot;:&quot;1a64891e-dc59-4fd1-b94f-ec15d024217d&quot;,&quot;advertiserIdEnabled&quot;:&quot;true&quot;}</string>
    <string name="AF_INSTALLATION">1755095239488-10844043386832468</string>
    <boolean name="afUninstallToken_queued" value="false" />
    <int name="appsFlyerCount" value="3" />
    <long name="af_rc_timestamp" value="1755095235712" />
    <long name="AppsFlyerTimePassedSincePrevLaunch" value="1755095278438" />
    <boolean name="newGPReferrerSent" value="true" />
    <int name="af_send_exc_min" value="1" />
    <string name="appsFlyerFirstInstall">2025-08-13_142719+0000</string>
    <long name="afUninstallToken_received_time" value="1755095239480" />
    <string name="attributionId">{&quot;af_status&quot;:&quot;Organic&quot;,&quot;af_message&quot;:&quot;organic install&quot;,&quot;is_first_launch&quot;:false}</string>
</map>
