<?xml version='1.0' encoding='utf-8' standalone='yes' ?>
<map>
    <string name="afUninstallToken">cHh9XVlcSeml-SCTJXY5Dw:APA91bF9xR9uC-jMUzxN_OeR6t4i9vIxcs2yfZ8lNTaruHVq32RMD3yinZEk2r90pYZwTAAUd3IyTvOAmVjjG9HVPZeq0TXSV50NBrJzhTtMuNC4qJ2lMPA</string>
    <long name="prev_session_dur" value="6" />
    <long name="af_rc_max_age" value="86400" />
    <boolean name="ddl_sent" value="true" />
    <string name="sentSuccessfully">true</string>
    <string name="af_remote_config">eyJmZWF0dXJlcyI6eyJleGNfbW5nciI6W3siZGF0YSI6eyJ2MSI6eyJzZGtfdmVyIjoiMS45LjkiLCJtaW4iOjEsImV4cGlyZSI6MTB9fX1dfSwidmVyIjoiNDI5NzI5ZmIudjEuMTY4NjI0NzQ4NTAwMCJ9</string>
    <boolean name="sentRegisterRequestToAF" value="true" />
    <int name="versionCode" value="11328" />
    <string name="savedProperties">{&quot;uid&quot;:&quot;1755088425029-5514651921901898551&quot;,&quot;advertiserId&quot;:&quot;1a64891e-dc59-4fd1-b94f-ec15d024217d&quot;,&quot;advertiserIdEnabled&quot;:&quot;true&quot;}</string>
    <string name="AF_INSTALLATION">1755088425029-5514651921901898551</string>
    <boolean name="afUninstallToken_queued" value="false" />
    <int name="appsFlyerCount" value="3" />
    <long name="af_rc_timestamp" value="1755088422012" />
    <long name="AppsFlyerTimePassedSincePrevLaunch" value="1755088470012" />
    <boolean name="newGPReferrerSent" value="true" />
    <int name="af_send_exc_min" value="1" />
    <string name="appsFlyerFirstInstall">2025-08-13_123347+0000</string>
    <long name="afUninstallToken_received_time" value="1755088425022" />
    <string name="attributionId">{&quot;af_status&quot;:&quot;Organic&quot;,&quot;af_message&quot;:&quot;organic install&quot;,&quot;is_first_launch&quot;:false}</string>
</map>
