<?xml version='1.0' encoding='utf-8' standalone='yes' ?>
<map>
    <long name="first_open_time" value="1755216554689" />
    <string name="gmp_app_id">1:800795916999:android:deb9c2753c590dc4</string>
    <string name="app_instance_id">c9e1a99b3bc95f03618d2c15a041511f</string>
    <long name="session_id" value="1755216555" />
    <boolean name="app_backgrounded" value="true" />
    <long name="health_monitor:start" value="1755216554995" />
    <boolean name="use_service" value="true" />
    <boolean name="deferred_analytics_collection" value="false" />
    <string name="previous_os_version">13</string>
    <boolean name="has_been_opened" value="true" />
    <boolean name="allow_remote_dynamite" value="true" />
    <long name="last_pause_time" value="1755216669483" />
    <boolean name="start_new_session" value="false" />
</map>
