<?xml version='1.0' encoding='utf-8' standalone='yes' ?>
<map>
    <boolean name="had_persisted_distinct_id" value="false" />
    <string name="super_properties">{&quot;USER-IDENTITY&quot;:&quot;BINGE-3293430d33274361b1eb4df48a1099b3&quot;,&quot;RMN&quot;:&quot;9917005681&quot;,&quot;DEVICE-ID&quot;:&quot;0037b386f3b269b8&quot;,&quot;C-ID&quot;:&quot;2085300648&quot;,&quot;PLATFORM&quot;:&quot;Android&quot;,&quot;USER-TYPE&quot;:&quot;NON-TP&quot;,&quot;PRIME-ELIGIBLE&quot;:&quot;NO&quot;,&quot;PRIME-SELECTED&quot;:&quot;NA&quot;,&quot;PRIME-ACTIVATED&quot;:&quot;NA&quot;,&quot;STACK&quot;:&quot;COMVIVA&quot;,&quot;SUBSCRIBED&quot;:&quot;NO&quot;,&quot;PACK-TYPE&quot;:&quot;FREEMIUM&quot;,&quot;PACK-NAME&quot;:&quot;FREEMIUM&quot;,&quot;PACK-TENURE&quot;:&quot;FREEMIUM&quot;,&quot;PACK-PRICE&quot;:&quot;0.00&quot;,&quot;PACK-ID&quot;:&quot;FREEMIUM&quot;,&quot;SID&quot;:[&quot;2085300648&quot;]}</string>
    <boolean name="events_user_id_present" value="true" />
    <string name="people_distinct_id">BINGE-3293430d33274361b1eb4df48a1099b3</string>
    <string name="events_distinct_id">BINGE-3293430d33274361b1eb4df48a1099b3</string>
    <string name="anonymous_id">00104983-7d01-492e-bf22-a11bf021ee29</string>
</map>
