<?xml version='1.0' encoding='utf-8' standalone='yes' ?>
<map>
    <boolean name="deep_link_retrieval_complete" value="true" />
    <long name="first_open_time" value="1755018382254" />
    <string name="gmp_app_id">1:29655743027:android:e360116a540dd63cac4146</string>
    <string name="app_instance_id">5a13f1a43589b942f1026009d16a5e89</string>
    <long name="deep_link_retrieval_attempts" value="1" />
    <long name="session_id" value="1755018382" />
    <boolean name="app_backgrounded" value="true" />
    <long name="health_monitor:start" value="1755018382463" />
    <boolean name="use_service" value="true" />
    <boolean name="deferred_analytics_collection" value="false" />
    <string name="previous_os_version">13</string>
    <boolean name="has_been_opened" value="true" />
    <boolean name="allow_remote_dynamite" value="true" />
    <long name="last_pause_time" value="1755018455203" />
    <boolean name="start_new_session" value="false" />
</map>
