<?xml version='1.0' encoding='utf-8' standalone='yes' ?>
<map>
    <set name="device-brand/vivo fire-installations/18.0.0 android-min-sdk/24 kotlin/2.2.0 fire-abt/21.1.1 fire-android/33 fire-core/21.0.0 fire-core-ktx/21.0.0 device-name/V2315T fire-fcm/24.1.2 android-installer/com.google.android.packageinstaller fire-perf/21.0.5 android-platform/ fire-analytics/22.5.0 fire-rc/21.5.0 fire-sessions/2.1.2 fire-cls/19.4.4 device-model/V2315 android-target-sdk/35 fire-transport/19.0.0">
        <string>2025-08-12</string>
    </set>
    <long name="fire-count" value="1" />
    <string name="last-used-date">2025-08-12</string>
    <long name="fire-global" value="1755018413256" />
</map>
