<?xml version='1.0' encoding='utf-8' standalone='yes' ?>
<map>
    <set name="fire-cls/18.3.2 fire-core/20.2.0 device-model/P963F90W fire-cls-ktx/18.3.2 fire-perf/20.3.0 fire-analytics-ktx/21.2.0 fire-core-ktx/20.2.0 fire-analytics/21.2.0 fire-fcm/23.1.1 fire-abt/21.0.2 fire-android/33 device-name/6f2ff946471806e4 android-installer/com.android.vending fire-installations/17.1.0 device-brand/ZTE fire-rc/21.2.0 android-platform/ android-min-sdk/21 kotlin/1.9.21 fire-fcm-ktx/23.1.1 android-target-sdk/27 fire-transport/18.1.7 fire-perf-ktx/20.3.0">
        <string>2025-08-13</string>
    </set>
    <long name="fire-count" value="1" />
    <string name="last-used-date">2025-08-13</string>
    <long name="fire-global" value="1755088421690" />
</map>
