<?xml version='1.0' encoding='utf-8' standalone='yes' ?>
<map>
    <string name="userLangPref">1,6,1</string>
    <string name="contentLangIP">Hindi</string>
    <boolean name="pref_volume" value="true" />
    <string name="phoneNumber">9568640261</string>
    <boolean name="first_time_navigation_open" value="true" />
    <boolean name="first_time_video_open" value="true" />
    <boolean name="MAP_KEY_SESSION" value="true" />
    <boolean name="program_detail_already" value="true" />
    <string name="COUPON_DATA"></string>
</map>
