<?xml version='1.0' encoding='utf-8' standalone='yes' ?>
<map>
    <string name="PERSISTENT_LOGS_WRITING_FILE">0</string>
    <string name="juspay_android_id">ee1bbdb9-da70-434f-aaa3-c7c0f8c97ee0</string>
    <string name="LOG_CHANNEL_NAMES">default</string>
    <string name="LOGS_WRITING_FILE">0</string>
    <string name="TEMP_LOGS_WRITING_FILE">0</string>
    <string name="PERSISTENT_LOGS_READING_FILE">0</string>
    <string name="jp_hyper_build_id">jus_2.2.2_1.0.7</string>
    <string name="asset_metadata.json">{}</string>
    <string name="patch_toss">{&quot;ts&quot;:1755018417175,&quot;toss&quot;:34}</string>
    <string name="juspay_device_id">35ad9a9b-e0ff-4395-91b2-d83961bb0d9a</string>
    <string name="LOGS_READING_FILE">0</string>
    <string name="TEMP_LOGS_READING_FILE">0</string>
</map>
