<?xml version='1.0' encoding='utf-8' standalone='yes' ?>
<map>
    <boolean name="RESTRICT_FHD_AND_UHD_RESOLUTION" value="false" />
    <long name="RECORD_TIMESTAMP_CELLULAR" value="1755095261798" />
    <long name="RECORD_TIMESTAMP_CELLULAR_4G" value="1755095261798" />
    <boolean name="FALLBACK_TO_L3_PREFERENCE" value="false" />
    <long name="BANDWIDTH_CELLULAR" value="758652" />
    <boolean name="RESTRICT_DOLBY_AUDIO" value="false" />
    <boolean name="RESTRICT_AV1" value="false" />
    <boolean name="RESTRICT_SSAI" value="false" />
    <long name="BANDWIDTH_CELLULAR_4G" value="758652" />
</map>
