<?xml version='1.0' encoding='utf-8' standalone='yes' ?>
<map>
    <string name="kaInterval">60</string>
    <string name="reg_startupBuffDuration">-1</string>
    <string name="get_ip_address">152.59.86.10</string>
    <string name="reg_mitigation_id">586ec296-1b1e-4a41-bb78-4b495da3ac44</string>
    <string name="mitigation_version">0.0.1</string>
    <string name="userActions">on</string>
    <string name="bu">https://beacon-qoe.tataplaybinge.com</string>
    <string name="qualityChanged">on</string>
    <string name="reg_rebufferingDuration">-1</string>
    <string name="renditionSwitch">on</string>
    <string name="bufferingStyle">continuous</string>
    <string name="mitigationTimestamp">1755018446</string>
    <string name="reg_estimatedDownloadRate">-1</string>
    <string name="ueid">9917005681</string>
    <string name="kcInterval">60</string>
    <string name="stalls">on</string>
</map>
