<?xml version='1.0' encoding='utf-8' standalone='yes' ?>
<map>
    <int name="istc_inapp:__ee2b3fec67ee40ac9afb078bf7763546:6ZW-45W-W84Z" value="0" />
    <string name="pfworkid">6ZW-45W-W84Z</string>
    <string name="instance:6ZW-45W-W84Z">{&quot;accountId&quot;:&quot;6ZW-45W-W84Z&quot;,&quot;accountToken&quot;:&quot;054-016&quot;,&quot;analyticsOnly&quot;:false,&quot;isDefaultInstance&quot;:true,&quot;useGoogleAdId&quot;:false,&quot;disableAppLaunchedEvent&quot;:false,&quot;personalization&quot;:true,&quot;debugLevel&quot;:0,&quot;createdPostAppLaunch&quot;:false,&quot;sslPinning&quot;:false,&quot;backgroundSync&quot;:true,&quot;getEnableCustomCleverTapId&quot;:false,&quot;beta&quot;:false,&quot;encryptionLevel&quot;:0}</string>
    <int name="comms_last_ts:6ZW-45W-W84Z" value="1755088471" />
    <int name="comms_first_ts:6ZW-45W-W84Z" value="1755088423" />
    <string name="ict_date:__ee2b3fec67ee40ac9afb078bf7763546:6ZW-45W-W84Z">13082025</string>
    <int name="sexe:6ZW-45W-W84Z" value="1755088450" />
    <int name="lastSessionId:6ZW-45W-W84Z" value="1755088421" />
    <string name="deviceId:6ZW-45W-W84Z">__ee2b3fec67ee40ac9afb078bf7763546</string>
    <boolean name="OptOut:__ee2b3fec67ee40ac9afb078bf7763546:6ZW-45W-W84Z" value="true" />
    <string name="fcm_token:6ZW-45W-W84Z">cHh9XVlcSeml-SCTJXY5Dw:APA91bF9xR9uC-jMUzxN_OeR6t4i9vIxcs2yfZ8lNTaruHVq32RMD3yinZEk2r90pYZwTAAUd3IyTvOAmVjjG9HVPZeq0TXSV50NBrJzhTtMuNC4qJ2lMPA</string>
    <string name="SP_KEY_PROFILE_IDENTITIES:6ZW-45W-W84Z">Email,Identity</string>
    <int name="istmcd_inapp:__ee2b3fec67ee40ac9afb078bf7763546:6ZW-45W-W84Z" value="10" />
    <int name="imc:__ee2b3fec67ee40ac9afb078bf7763546:6ZW-45W-W84Z" value="10" />
    <long name="last_assets_cleanup" value="1755088424080" />
</map>
