<?xml version='1.0' encoding='utf-8' standalone='yes' ?>
<map>
    <int name="__triggers_1754286255" value="4" />
    <int name="__triggers_1754286078" value="4" />
    <int name="__triggers_1754288039" value="4" />
    <int name="__triggers_1754288217" value="4" />
    <int name="__triggers_1753868951" value="4" />
    <int name="__triggers_1754288277" value="4" />
    <int name="__triggers_1753868993" value="4" />
    <int name="__triggers_1753176871" value="4" />
    <int name="__triggers_1753868917" value="4" />
    <int name="__triggers_1742536075" value="4" />
    <int name="__triggers_1742536225" value="4" />
    <int name="__triggers_1747214773" value="4" />
    <int name="__triggers_1742536100" value="4" />
    <int name="__triggers_1747049386" value="4" />
    <int name="__triggers_1742536201" value="4" />
    <int name="__triggers_1747214975" value="4" />
    <int name="__triggers_1754297468" value="4" />
    <int name="__triggers_1753857036" value="4" />
    <int name="__triggers_1747126353" value="4" />
    <int name="__triggers_1754285865" value="4" />
    <int name="__triggers_1746701133" value="4" />
    <int name="__triggers_1753083623" value="4" />
    <int name="__triggers_1742536011" value="4" />
    <int name="__triggers_1754298722" value="4" />
    <int name="__triggers_1753856772" value="4" />
    <int name="__triggers_1749800145" value="4" />
    <int name="__triggers_1754288108" value="4" />
    <int name="__triggers_1754297592" value="4" />
</map>
