<?xml version='1.0' encoding='utf-8' standalone='yes' ?>
<map>
    <int name="istc_inapp:__42e71ca0897f430f8b92c788607dbe22:877-958-874Z" value="0" />
    <int name="istmcd_inapp:__42e71ca0897f430f8b92c788607dbe22:877-958-874Z" value="10" />
    <string name="cachedGUIDsKey:877-958-874Z">{&quot;Identity_cmlsNzYxNTA0NTQ4Mw==&quot;:&quot;__42e71ca0897f430f8b92c788607dbe22&quot;}</string>
    <string name="deviceId:877-958-874Z">__42e71ca0897f430f8b92c788607dbe22</string>
    <string name="pfworkid">877-958-874Z</string>
    <int name="imc:__42e71ca0897f430f8b92c788607dbe22:877-958-874Z" value="1" />
    <int name="sexe:877-958-874Z" value="1755216669" />
    <boolean name="NetworkInfo:877-958-874Z" value="true" />
    <int name="lastSessionId:877-958-874Z" value="1755216555" />
    <string name="instance:877-958-874Z">{&quot;accountId&quot;:&quot;877-958-874Z&quot;,&quot;accountToken&quot;:&quot;b5c-aab&quot;,&quot;accountRegion&quot;:&quot;in1&quot;,&quot;analyticsOnly&quot;:false,&quot;isDefaultInstance&quot;:true,&quot;useGoogleAdId&quot;:false,&quot;disableAppLaunchedEvent&quot;:false,&quot;personalization&quot;:true,&quot;debugLevel&quot;:0,&quot;createdPostAppLaunch&quot;:false,&quot;sslPinning&quot;:false,&quot;backgroundSync&quot;:true,&quot;getEnableCustomCleverTapId&quot;:false,&quot;beta&quot;:false,&quot;encryptionLevel&quot;:0}</string>
    <string name="SP_KEY_PROFILE_IDENTITIES:877-958-874Z">Email,Identity</string>
    <string name="ict_date:__42e71ca0897f430f8b92c788607dbe22:877-958-874Z">15082025</string>
    <int name="comms_first_ts:877-958-874Z" value="1755216557" />
    <int name="comms_last_ts:877-958-874Z" value="1755216671" />
    <long name="last_assets_cleanup" value="1755216583378" />
</map>
