<?xml version='1.0' encoding='utf-8' standalone='yes' ?>
<map>
    <int name="d_ts" value="0" />
    <int name="dh" value="0" />
    <int name="hgt" value="4" />
    <string name="av">4.2.17</string>
    <int name="v" value="2" />
    <int name="wdt" value="2" />
    <string name="j_n">Y2lhfgoJBwU=</string>
    <string name="i_n">Y29neQQCCQU=</string>
    <int name="r_ts" value="1755018455" />
    <string name="id">5R4-556-Z56Z</string>
    <string name="k_n">DHhgewoFAgRnbGZzdQc=</string>
    <string name="j_s">{}</string>
</map>
