<?xml version='1.0' encoding='utf-8' standalone='yes' ?>
<map>
    <boolean name="OptOut:__1badf18603d441fda15163f27e0c1475:6ZW-45W-W84Z" value="true" />
    <string name="pfworkid">6ZW-45W-W84Z</string>
    <string name="ict_date:__1badf18603d441fda15163f27e0c1475:6ZW-45W-W84Z">13082025</string>
    <int name="imc:__1badf18603d441fda15163f27e0c1475:6ZW-45W-W84Z" value="10" />
    <string name="instance:6ZW-45W-W84Z">{&quot;accountId&quot;:&quot;6ZW-45W-W84Z&quot;,&quot;accountToken&quot;:&quot;054-016&quot;,&quot;analyticsOnly&quot;:false,&quot;isDefaultInstance&quot;:true,&quot;useGoogleAdId&quot;:false,&quot;disableAppLaunchedEvent&quot;:false,&quot;personalization&quot;:true,&quot;debugLevel&quot;:0,&quot;createdPostAppLaunch&quot;:false,&quot;sslPinning&quot;:false,&quot;backgroundSync&quot;:true,&quot;getEnableCustomCleverTapId&quot;:false,&quot;beta&quot;:false,&quot;encryptionLevel&quot;:0}</string>
    <int name="comms_last_ts:6ZW-45W-W84Z" value="1755095279" />
    <int name="comms_first_ts:6ZW-45W-W84Z" value="1755095237" />
    <int name="istc_inapp:__1badf18603d441fda15163f27e0c1475:6ZW-45W-W84Z" value="0" />
    <int name="sexe:6ZW-45W-W84Z" value="1755095263" />
    <int name="lastSessionId:6ZW-45W-W84Z" value="1755095235" />
    <string name="deviceId:6ZW-45W-W84Z">__1badf18603d441fda15163f27e0c1475</string>
    <int name="istmcd_inapp:__1badf18603d441fda15163f27e0c1475:6ZW-45W-W84Z" value="10" />
    <string name="fcm_token:6ZW-45W-W84Z">c6bI8cmYQY-BkY8BroyiPe:APA91bF2au_z43HZwDiB4Ffl9IpX1h-cPCe2wzNom5_yUxVMEtUVne4g59q040rf4ggdlfmD4lHuf68dDCKbzbr0eW_uFznlNTNO47WNpEJC80zFQEU51Hw</string>
    <string name="SP_KEY_PROFILE_IDENTITIES:6ZW-45W-W84Z">Email,Identity</string>
    <long name="last_assets_cleanup" value="1755095237510" />
</map>
