<?xml version='1.0' encoding='utf-8' standalone='yes' ?>
<map>
    <boolean name="ssInAppMigrated:5R4-556-Z56Z" value="true" />
    <string name="pfworkid">5R4-556-Z56Z</string>
    <int name="imc:__9bb207143b554e1a849c03c40c1f20bf:5R4-556-Z56Z" value="1" />
    <string name="ict_date:__9bb207143b554e1a849c03c40c1f20bf:5R4-556-Z56Z">12082025</string>
    <string name="SP_KEY_PROFILE_IDENTITIES:5R4-556-Z56Z">Email,Identity</string>
    <int name="encryptionLevel:5R4-556-Z56Z" value="0" />
    <int name="comms_last_ts:5R4-556-Z56Z" value="1755018455" />
    <int name="istc_inapp:__9bb207143b554e1a849c03c40c1f20bf:5R4-556-Z56Z" value="0" />
    <int name="cachedGUIDsLengthKey:5R4-556-Z56Z" value="3" />
    <string name="deviceId:5R4-556-Z56Z">__9bb207143b554e1a849c03c40c1f20bf</string>
    <int name="encryptionMigrationFailureCount:5R4-556-Z56Z" value="0" />
    <int name="sexe:5R4-556-Z56Z" value="1755018455" />
    <string name="cachedGUIDsKey:5R4-556-Z56Z">{&quot;Email_&quot;:&quot;__9bb207143b554e1a849c03c40c1f20bf&quot;,&quot;EMAIL_&quot;:&quot;__9bb207143b554e1a849c03c40c1f20bf&quot;,&quot;Identity_2085300648&quot;:&quot;__9bb207143b554e1a849c03c40c1f20bf&quot;}</string>
    <int name="comms_first_ts:5R4-556-Z56Z" value="1755018384" />
    <int name="istmcd_inapp:__9bb207143b554e1a849c03c40c1f20bf:5R4-556-Z56Z" value="25" />
    <boolean name="NetworkInfo:5R4-556-Z56Z" value="true" />
    <string name="instance:5R4-556-Z56Z">{&quot;accountId&quot;:&quot;5R4-556-Z56Z&quot;,&quot;accountToken&quot;:&quot;655-425&quot;,&quot;accountRegion&quot;:&quot;in1&quot;,&quot;analyticsOnly&quot;:false,&quot;isDefaultInstance&quot;:true,&quot;useGoogleAdId&quot;:false,&quot;disableAppLaunchedEvent&quot;:false,&quot;personalization&quot;:true,&quot;debugLevel&quot;:0,&quot;createdPostAppLaunch&quot;:false,&quot;sslPinning&quot;:false,&quot;backgroundSync&quot;:true,&quot;getEnableCustomCleverTapId&quot;:false,&quot;beta&quot;:false,&quot;encryptionLevel&quot;:0,&quot;allowedPushTypes&quot;:[]}</string>
    <int name="lastSessionId:5R4-556-Z56Z" value="1755018383" />
    <long name="last_assets_cleanup" value="1755018398067" />
</map>
