{"Fid":"cHh9XVlcSeml-SCTJXY5Dw","Status":3,"AuthToken":"eyJhbGciOiJFUzI1NiIsInR5cCI6IkpXVCJ9.eyJhcHBJZCI6IjE6ODQ5MjYxMzY5MDg1OmFuZHJvaWQ6ODY0OGNlYzEwMWU2ZmY0MSIsImV4cCI6MTc1NTY5MzIyMiwiZmlkIjoiY0hoOVhWbGNTZW1sLVNDVEpYWTVEdyIsInByb2plY3ROdW1iZXIiOjg0OTI2MTM2OTA4NX0.AB2LPV8wRAIgWxAOL1z517VJZ62xy-byp8hx3xgXcMtBiO2EaSzCihkCIDX7jvduKiknVx1Oozg3vl_0vTgy3nXMcUgO0cbkyeWA","RefreshToken":"3_AS3qfwJO2o7N85ONRaGjt6G1jQgwliGLRYSWjFoh99lAoZpcn-Y4RLFnGOhb8BOl_uPgJV8-WdFhBREQhjxaVFW5paKXdzEGJQp0X4Q-1v_bLn8","TokenCreationEpochInSecs":1755088422,"ExpiresInSecs":604800}