{"Fid":"c6bI8cmYQY-BkY8BroyiPe","Status":3,"AuthToken":"eyJhbGciOiJFUzI1NiIsInR5cCI6IkpXVCJ9.eyJhcHBJZCI6IjE6ODQ5MjYxMzY5MDg1OmFuZHJvaWQ6ODY0OGNlYzEwMWU2ZmY0MSIsImV4cCI6MTc1NTcwMDAzNiwiZmlkIjoiYzZiSThjbVlRWS1Ca1k4QnJveWlQZSIsInByb2plY3ROdW1iZXIiOjg0OTI2MTM2OTA4NX0.AB2LPV8wRQIgMWwEGi-foz0VUi0DCRYFTkN0_Y5Ksb3-L2jS5gmVmasCIQDmOy6WDQ98pfJ_ZvBVFJYMFalnit1oMvE4kW-71k7rrA","RefreshToken":"3_AS3qfwJUFc4pxmGJNvL1oqG5T8WPsInweJ-jW7arvHp-Ye6Tayn1dWclQAVlKgLkQhj4dO1NfVaMoWkoAVM6OdoVD7tXiCwa6WO_NNhz7n6hhyA","TokenCreationEpochInSecs":1755095236,"ExpiresInSecs":604800}