{"Fid":"eZBnyjZBST26rjho6rctAm","Status":3,"AuthToken":"eyJhbGciOiJFUzI1NiIsInR5cCI6IkpXVCJ9.eyJhcHBJZCI6IjE6Mjk2NTU3NDMwMjc6YW5kcm9pZDplMzYwMTE2YTU0MGRkNjNjYWM0MTQ2IiwiZXhwIjoxNzU1NjIzMjE0LCJmaWQiOiJlWkJueWpaQlNUMjZyamhvNnJjdEFtIiwicHJvamVjdE51bWJlciI6Mjk2NTU3NDMwMjd9.AB2LPV8wRQIhALVjTyCjGOj8EHX0_DBbDRj3FDbpfi-6O3VMQ7J9EE1dAiBqpXCppyU0tgsLYreJ3gm_m-74aZnaEfcbdQZ0UHR5wQ","RefreshToken":"3_AS3qfwKFUf802fa1Nq8lv8ZY-HBGFS2iz0huT58n4vxO61DfwNxwnJOI7-76xSz-oGk1L9gmjrjSlpp-wQQsjV7InncEcxlcwHSJrYyYEvGKxvE","TokenCreationEpochInSecs":1755018414,"ExpiresInSecs":604800}